<?xml version="1.0" encoding="UTF-8"?>
<beans:beans xmlns="http://www.springframework.org/schema/mvc"
	xmlns:xsi="http://www.w3.org/2001/XMLSchema-instance"
	xmlns:beans="http://www.springframework.org/schema/beans"
	xmlns:context="http://www.springframework.org/schema/context"
	xsi:schemaLocation="http://www.springframework.org/schema/mvc https://www.springframework.org/schema/mvc/spring-mvc.xsd
		http://www.springframework.org/schema/beans https://www.springframework.org/schema/beans/spring-beans.xsd
		http://www.springframework.org/schema/context https://www.springframework.org/schema/context/spring-context.xsd">

	<!-- DispatcherServlet Context: defines this servlet's request-processing infrastructure -->
	
	
	<!-- 어노테이션 방식으로 읽어오겠다 -->
	<!-- Enables the Spring MVC @Controller programming model -->
	<annotation-driven />


	<!-- 설정파일, 이미지, 정적파일들을 여기에 배치 -->
	<!-- Handles HTTP GET requests for /resources/** by efficiently serving up static resources in the ${webappRoot}/resources directory -->
	<resources mapping="/resources/**" location="/resources/" />


	<!-- 빈을 읽어올건데 class경로에서 읽어올거다. 
	뷰리졸버 사용할건데 프리픽스랑 서픽스 설정할거다 -->
	<!-- Resolves views selected for rendering by @Controllers to .jsp resources in the /WEB-INF/views directory -->
	<beans:bean class="org.springframework.web.servlet.view.InternalResourceViewResolver">
		<beans:property name="prefix" value="/WEB-INF/views/" />
		<beans:property name="suffix" value=".jsp" />
	</beans:bean>
	
	
	<!-- 컴포넌트로 등록하고 싶은 클래스를 빈으로 등록하겠다
	빈이란? 객체를 인스턴스로 생성했다. 스프링에서는 인터페이스 = 빈
	빈을 스프링컨테이너에 등록할거다 -->
	<context:component-scan base-package="com.ssafy.ws.controller, com.ssafy.ws.interceptor" />
	
	
	
	<!-- /regist 요청에 대해 sessionInterceptor를 등록한다. -->
	<interceptors>
		 <interceptor>
			<mapping path="/regist" />
			<beans:ref bean="sessionInterceptor" />
		</interceptor> 
	</interceptors>
	
</beans:beans>
