<?xml version="1.0" encoding="UTF-8"?>
<beans:beans xmlns="http://www.springframework.org/schema/mvc"
	xmlns:xsi="http://www.w3.org/2001/XMLSchema-instance"
	xmlns:beans="http://www.springframework.org/schema/beans"
	xmlns:context="http://www.springframework.org/schema/context"
	xsi:schemaLocation="http://www.springframework.org/schema/mvc https://www.springframework.org/schema/mvc/spring-mvc.xsd
		http://www.springframework.org/schema/beans https://www.springframework.org/schema/beans/spring-beans.xsd
		http://www.springframework.org/schema/context https://www.springframework.org/schema/context/spring-context.xsd">

	<!-- DispatcherServlet Context: defines this servlet's request-processing infrastructure -->
	
	<!-- Enables the Spring MVC @Controller programming model -->
	<annotation-driven />

	<!-- Handles HTTP GET requests for /resources/** by efficiently serving up static resources in the ${webappRoot}/resources directory -->
	<resources mapping="/resources/**" location="/resources/" />

	<!-- Resolves views selected for rendering by @Controllers to .jsp resources in the /WEB-INF/views directory -->
	<beans:bean class="org.springframework.web.servlet.view.InternalResourceViewResolver">
		<beans:property name="prefix" value="/WEB-INF/views/" />
		<beans:property name="suffix" value=".jsp" />
	</beans:bean>
	
	<context:component-scan
		base-package="com.ssafy.ws.controller, com.ssafy.ws.interceptor" />

	<!--  Q. 로그인 인터셉터를 Path Pattern 을 다음과 같이 맵핑하여 설정하시오.
			- 모든 요청에 대해 인터셉터가 동작하도록 설정한다.
			- 메인 페이지(/)는 인터셉터가 동작하지 않도록 설정한다.
			- 로그인 페이지(/login)는 인터셉터가 동작하지 않도록 설정한다.
			- 게시글 목록(/board/list)은 인터셉터가 동작하지 않도록 설정한다.
			- 게시글 상세(/board/detail/{id})은 인터셉터가 동작하지 않도록 설정한다.
		참고) https://docs.spring.io/spring-framework/docs/current/javadoc-api/org/springframework/web/util/pattern/PathPattern.html
			PathPattern 은 다음과 같은 패턴을 지원합니다.
			- ? : 한 글자 일치
			- * : 0개 이상의 글자 일치
			- ** : 0개 이상의 디렉토리 일치
			ex1) /pages/t?st.html - /pages/test.html, /pages/tast.html 일치
			ex2) /resources/*.png - /resources/a.png, /resources/b.png 일치
			e3) /resources/** - /resources/a.png, /resources/css/a.css, /resources/js/a.js 일치
	-->
	<interceptors>
		<interceptor>
			<mapping path="/*" />
			<exclude-mapping path="/" />
			<exclude-mapping path="/login" />
			<exclude-mapping path="/board/list" />
			<exclude-mapping path="/board/detail/{id}" />
			<beans:ref bean="loginInterceptor" />
		</interceptor>
	</interceptors>
</beans:beans>
